20110101,小雨,5,-1,北风,4
20110102,阵雨,4,-2,北风,3
20110103,阴,5,1,北风,0
20110104,阴,7,1,北风,4
20110105,阴,4,1,北风,3
20110106,阴,5,0,北风,3
20110107,多云,6,-1,北风,3
20110108,雨夹雪,6,-1,北风,3
20110109,阴,6,-2,北风,3
20110110,雨夹雪,4,-2,北风,4
20110111,阴,6,1,北风,3
20110112,多云,8,0,南风,3
20110113,阴,6,-1,北风,3
20110114,多云,7,1,北风,3
20110115,阴,6,1,北风,0
20110116,小雨,6,0,北风,3
20110117,小雨,4,0,北风,3
20110118,小雨,4,0,北风,3
20110119,雨夹雪,4,-1,北风,3
20110120,小雪,5,-2,北风,3
20110121,多云,5,1,北风,3
20110122,阴,7,1,北风,3
20110123,阴,6,1,北风,3
20110124,多云,8,1,北风,3
20110125,阴,6,1,北风,3
20110126,阴,6,1,南风,3
20110127,小雨,5,2,北风,0
20110128,阴,7,0,北风,0
20110129,阴,6,0,北风,3
20110130,阴,7,0,北风,3
20110131,阴,8,2,南风,0
20110201,多云,9,1,南风,0
20110202,多云,10,2,南风,0
20110203,晴,11,3,南风,0
20110204,晴,13,4,南风,0
20110205,多云,15,3,南风,0
20110206,多云,15,3,南风,0
20110207,多云,16,5,南风,0
20110208,多云,16,6,南风,0
20110209,多云,15,6,南风,0
20110210,阴,13,6,北风,0
20110211,阴,11,6,北风,3
20110212,小雨,8,4,北风,3
20110213,阴,9,4,北风,0
20110214,阴,10,4,北风,0
20110215,小雨,6,3,北风,0
20110216,多云,10,5,北风,0
20110217,多云,12,5,北风,0
20110218,小雨,9,5,北风,0
20110219,阴,11,5,北风,3
20110220,阴,11,5,北风,3
20110221,多云,11,6,北风,3
20110222,阴,11,6,北风,3
20110223,晴,17,6,南风,3
20110224,多云,17,7,南风,3
20110225,阴,18,8,南风,3
20110226,阴,18,7,北风,3
20110227,多云,18,11,北风,3
20110228,阴,14,8,北风,3
20110301,阴,15,5,北风,3
20110302,多云,16,8,南风,3
20110303,多云,16,7,北风,3
20110304,阴,15,7,南风,3
20110305,阴,11,6,北风,3
20110306,多云,16,6,北风,3
20110307,阴,16,7,北风,3
20110308,多云,18,9,北风,3
20110309,小雨,13,8,北风,3
20110310,小雨,12,7,北风,3
20110311,阴,14,6,北风,3
20110312,多云,17,8,北风,3
20110313,阴,18,7,南风,3
20110314,阴,12,7,北风,4
20110315,多云,13,3,北风,3
20110316,多云,15,6,北风,3
20110317,多云,17,6,北风,3
20110318,多云,17,10,南风,3
20110319,阴,15,9,北风,3
20110320,阴,12,5,北风,4
20110321,小雨,8,4,北风,3
20110322,阴,9,3,北风,3
20110323,阴,9,3,北风,3
20110324,阴,9,5,北风,3
20110325,阴,12,5,北风,3
20110326,阴,15,6,北风,0
20110327,晴,15,5,北风,3
20110328,多云,18,8,北风,3
20110329,多云,19,9,南风,3
20110330,小雨,17,10,北风,3
20110331,阴,18,12,北风,3
20110401,阴,17,10,北风,3
20110402,小雨,15,12,北风,3
20110403,阴,18,10,北风,3
20110404,阴,15,10,北风,3
20110405,阴,16,10,北风,3
20110406,阴,17,12,北风,3
20110407,小雨,16,10,北风,3
20110408,阴,17,10,南风,3
20110409,多云,20,10,南风,3
20110410,多云,20,13,南风,3
20110411,多云,21,13,南风,3
20110412,多云,22,13,南风,3
20110413,多云,22,13,南风,3
20110414,多云,24,14,南风,3
20110415,多云,25,16,南风,3
20110416,阴,21,15,北风,3
20110417,多云,26,13,南风,3
20110418,多云,26,16,南风,3
20110419,多云,26,16,南风,3
20110420,阴,23,14,北风,3
20110421,阴,24,16,北风,3
20110422,多云,26,17,南风,3
20110423,多云,26,17,南风,3
20110424,多云,27,16,南风,3
20110425,多云,29,17,南风,3
20110426,晴,30,18,南风,3
20110427,多云,31,18,南风,3
20110428,多云,33,19,南风,3
20110429,多云,33,17,南风,3
20110430,阴,30,16,北风,3
20110501,多云,28,15,北风,4
20110502,阵雨,21,14,北风,4
20110503,阴,25,16,南风,3
20110504,多云,27,17,南风,3
20110505,多云,29,20,南风,3
20110506,多云,30,19,南风,3
20110507,多云,32,20,南风,3
20110508,多云,32,20,南风,3
20110509,阵雨,31,20,北风,4
20110510,阴,28,20,北风,3
20110511,阴,28,19,北风,3
20110512,多云,29,19,北风,3
20110513,阵雨,22,14,北风,3
20110514,小雨,20,19,北风,3
20110515,多云,25,16,南风,3
20110516,晴,30,17,南风,3
20110517,晴,33,18,南风,3
20110518,晴,34,23,南风,3
20110519,多云,34,22,南风,3
20110520,雷阵雨,29,16,北风,4
20110521,小雨,18,13,北风,4
20110522,阴,22,14,北风,3
20110523,阴,23,15,北风,3
20110524,阴,24,18,南风,3
20110525,晴,27,18,南风,3
20110526,晴,29,18,南风,3
20110527,多云,31,20,南风,3
20110528,多云,28,20,南风,4
20110529,小到中雨,24,18,北风,4
20110530,小雨,24,18,北风,3
20110531,多云,27,17,南风,3
20110601,多云,27,18,南风,3
20110602,多云,27,19,南风,3
20110603,阵雨,26,19,南风,3
20110604,阵雨,27,19,北风,3
20110605,阵雨,27,19,北风,3
20110606,阴,30,21,南风,3
20110607,晴,32,22,南风,3
20110608,多云,32,23,南风,3
20110609,阴,27,23,北风,3
20110610,多云,32,24,南风,3
20110611,多云,30,20,南风,3
20110612,多云,30,23,南风,3
20110613,阴,29,21,南风,3
20110614,阵雨,31,22,北风,3
20110615,多云,32,21,南风,3
20110616,阵雨,29,21,南风,3
20110617,阵雨,27,21,北风,3
20110618,多云,31,22,南风,3
20110619,阴,28,22,南风,3
20110620,阵雨,28,21,北风,3
20110621,小雨,27,22,北风,4
20110622,多云,31,21,南风,3
20110623,多云,31,23,南风,3
20110624,晴,34,22,南风,3
20110625,多云,31,21,南风,3
20110626,阵雨,28,21,北风,3
20110627,多云,30,21,南风,3
20110628,晴,32,22,南风,3
20110629,多云,31,25,南风,3
20110630,多云,31,24,南风,3
20110701,阵雨,29,21,南风,3
20110702,阵雨,31,22,南风,3
20110703,阵雨,30,23,北风,3
20110704,阴,28,23,南风,3
20110705,中到大雨,26,21,北风,3
20110706,阵雨,25,21,北风,3
20110707,多云,30,23,北风,3
20110708,晴,33,21,南风,3
20110709,阴,30,22,南风,3
20110710,多云,29,20,北风,3
20110711,阵雨,25,20,北风,3
20110712,阵雨,25,19,北风,3
20110713,阵雨,25,21,北风,3
20110714,阴,28,21,南风,3
20110715,多云,31,22,南风,3
20110716,多云,30,22,南风,3
20110717,多云,31,23,南风,3
20110718,晴,33,22,南风,3
20110719,晴,33,22,南风,3
20110720,多云,32,23,南风,3
20110721,阵雨,30,22,北风,3
20110722,多云,31,22,南风,3
20110723,多云,31,23,南风,3
20110724,多云,30,23,南风,3
20110725,阵雨,30,22,南风,3
20110726,阵雨,30,24,南风,3
20110727,雷阵雨,31,24,北风,3
20110728,阵雨,29,22,北风,4
20110729,阵雨,27,21,北风,3
20110730,阵雨,29,22,北风,3
20110731,多云,29,22,北风,3
20110801,阵雨,25,20,北风,3
20110802,多云,30,22,南风,3
20110803,阵雨,27,20,北风,3
20110804,阵雨,26,22,北风,3
20110805,多云,29,21,南风,3
20110806,晴,32,22,南风,3
20110807,晴,33,23,南风,3
20110808,多云,34,23,南风,3
20110809,多云,35,24,南风,3
20110810,多云,33,24,南风,3
20110811,多云,33,24,南风,3
20110812,多云,32,25,南风,3
20110813,雷阵雨,33,25,南风,4
20110814,多云,34,25,南风,4
20110815,雷阵雨,33,24,南风,4
20110816,雷阵雨,33,25,南风,4
20110817,多云,35,25,南风,3
20110818,多云,35,25,南风,3
20110819,多云,34,24,南风,3
20110820,多云,34,24,南风,3
20110821,雷阵雨,32,21,南风,4
20110822,阵雨,27,19,北风,3
20110823,多云,30,21,南风,3
20110824,晴,32,21,南风,3
20110825,晴,32,20,南风,3
20110826,晴,31,21,南风,3
20110827,多云,31,21,南风,3
20110828,晴,31,23,南风,3
20110829,多云,33,23,南风,3
20110830,晴,33,24,南风,3
20110831,多云,34,25,南风,3
20110901,晴,34,26,南风,3
20110902,多云,34,25,南风,3
20110903,多云,33,25,南风,3
20110904,多云,34,24,南风,3
20110905,多云,33,24,南风,3
20110906,中雨,27,19,北风,4
20110907,阵雨,24,19,北风,3
20110908,多云,26,19,北风,3
20110909,多云,27,19,南风,3
20110910,阵雨,27,19,南风,3
20110911,阵雨,25,18,北风,3
20110912,阵雨,24,18,北风,3
20110913,小雨,23,19,北风,3
20110914,多云,27,19,南风,3
20110915,多云,29,20,南风,3
20110916,多云,27,20,南风,3
20110917,大雨,24,16,北风,4
20110918,阵雨,21,15,北风,3
20110919,阴,20,14,北风,3
20110920,阵雨,20,14,北风,3
20110921,阵雨,20,15,北风,3
20110922,阴,21,15,北风,3
20110923,阴,20,16,北风,3
20110924,阴,22,16,北风,3
20110925,阴,23,15,南风,3
20110926,阵雨,22,17,北风,3
20110927,阵雨,21,16,北风,3
20110928,小雨,19,16,北风,3
20110929,多云,25,16,北风,3
20110930,多云,26,17,南风,3
20111001,阴,22,16,南风,3
20111002,阴,21,14,北风,3
20111003,小雨,17,14,北风,0
20111004,阴,21,14,南风,3
20111005,多云,24,15,南风,3
20111006,多云,25,15,南风,3
20111007,多云,25,17,南风,3
20111008,多云,24,17,南风,3
20111009,阴,24,18,南风,3
20111010,阴,24,17,南风,3
20111011,阵雨,24,18,南风,3
20111012,阵雨,24,17,北风,3
20111013,多云,23,15,北风,3
20111014,多云,24,14,北风,3
20111015,阴,21,15,南风,3
20111016,多云,22,15,南风,3
20111017,多云,23,14,南风,3
20111018,阴,24,14,南风,3
20111019,阵雨,19,14,北风,3
20111020,阴,21,14,北风,3
20111021,多云,21,15,南风,3
20111022,阴,18,14,南风,3
20111023,阴,19,14,南风,3
20111024,多云,23,14,南风,3
20111025,阵雨,18,14,北风,3
20111026,小雨,17,13,北风,3
20111027,阵雨,17,11,北风,3
20111028,多云,19,10,南风,3
20111029,多云,21,11,南风,3
20111030,阴,18,11,南风,3
20111031,阴,18,12,南风,3
20111101,小雨,18,13,北风,3
20111102,阵雨,18,13,南风,3
20111103,阴,19,13,北风,3
20111104,阴,20,14,南风,3
20111105,阵雨,19,14,北风,3
20111106,小雨,19,13,北风,3
20111107,小雨,19,13,北风,3
20111108,多云,21,12,南风,3
20111109,晴,21,10,南风,3
20111110,多云,21,11,南风,3
20111111,多云,20,13,南风,3
20111112,多云,19,11,南风,3
20111113,阴,17,12,南风,3
20111114,多云,17,11,南风,3
20111115,阵雨,16,11,南风,3
20111116,多云,17,11,南风,3
20111117,多云,17,11,南风,3
20111118,多云,19,10,南风,3
20111119,多云,20,12,南风,3
20111120,多云,18,12,南风,3
20111121,阴,18,11,南风,3
20111122,多云,18,12,南风,3
20111123,多云,20,11,南风,3
20111124,多云,19,11,南风,3
20111125,多云,19,11,南风,3
20111126,多云,19,11,南风,3
20111127,多云,18,13,南风,3
20111128,小雨,16,13,南风,3
20111129,阵雨,18,9,北风,3
20111130,阴,12,7,南风,3
20111201,多云,12,5,北风,3
20111202,多云,14,8,南风,3
20111203,阴,12,7,南风,3
20111204,阵雨,10,8,北风,3
20111205,阴,12,8,北风,3
20111206,阵雨,11,7,北风,3
20111207,阴,11,5,北风,3
20111208,阴,10,5,北风,3
20111209,阴,9,4,北风,3
20111210,多云,9,2,北风,3
20111211,多云,10,3,北风,3
20111212,多云,10,2,北风,3
20111213,多云,11,4,北风,3
20111214,阴,10,6,北风,3
20111215,阴,11,5,北风,3
20111216,阵雨,9,4,北风,3
20111217,阴,9,2,北风,3
20111218,多云,9,2,北风,3
20111219,多云,9,4,北风,3
20111220,阴,10,6,北风,3
20111221,多云,10,4,北风,3
20111222,阴,10,4,北风,3
20111223,阴,8,2,北风,3
20111224,多云,10,1,北风,3
20111225,阴,9,4,北风,3
20111226,阴,10,4,北风,3
20111227,小雨,9,4,北风,3
20111228,阴,10,2,北风,3
20111229,多云,10,5,北风,0
20111230,阴,11,5,南风,3
20111231,多云,11,5,南风,3
20120101,阴,10,4,南风,3
20120102,小雨,7,3,北风,3
20120103,小雨,7,0,北风,3
20120104,阴,7,1,北风,3
20120105,阴,5,2,北风,3
20120106,阴,7,3,北风,3
20120107,阴,7,1,北风,3
20120108,阵雨,7,3,北风,3
20120109,阴,8,3,南风,3
20120110,阴,7,4,北风,3
20120111,阵雨,7,4,北风,3
20120112,小雨,7,4,北风,3
20120113,阴,7,3,北风,3
20120114,多云,9,3,南风,3
20120115,多云,11,4,南风,3
20120116,阴,8,4,南风,3
20120117,阴,9,3,北风,3
20120118,阴,8,4,南风,3
20120119,小雨,8,4,北风,3
20120120,小雨,8,3,北风,3
20120121,小雨,6,2,北风,3
20120122,小雨,6,1,北风,3
20120123,阴,6,1,北风,3
20120124,阴,6,0,北风,3
20120125,多云,8,0,南风,3
20120126,多云,7,3,南风,3
20120127,阴,7,3,北风,3
20120128,阴,8,4,南风,3
20120129,阵雨,9,4,北风,3
20120130,多云,10,3,南风,3
20120131,阴,11,4,南风,3
20120201,阴,11,5,南风,3
20120202,小雨,8,2,北风,3
20120203,阴,9,3,南风,3
20120204,多云,11,4,南风,3
20120205,多云,13,4,南风,3
20120206,多云,11,3,南风,3
20120207,阴,9,4,北风,3
20120208,小雨,7,3,北风,3
20120209,小雨,6,1,北风,3
20120210,阴,7,1,北风,3
20120211,多云,8,1,南风,3
20120212,多云,9,3,南风,3
20120213,阴,9,3,南风,3
20120214,多云,11,3,南风,3
20120215,阴,11,4,南风,3
20120216,阴,11,4,北风,3
20120217,小雨,7,3,北风,3
20120218,多云,8,3,南风,3
20120219,阴,9,3,北风,4
20120220,阴,10,4,北风,3
20120221,多云,11,4,南风,3
20120222,多云,12,6,南风,3
20120223,多云,15,6,南风,3
20120224,阴,13,6,南风,3
20120225,阴,9,5,北风,3
20120226,小雨,8,4,北风,3
20120227,小雨,10,3,北风,3
20120228,阴,8,3,北风,3
20120229,阴,9,5,北风,3
20120301,多云,12,2,北风,3
20120302,阴,12,6,南风,3
20120303,阵雨,11,6,北风,3
20120304,小雨,11,6,北风,3
20120305,多云,13,5,北风,3
20120306,阴,10,6,北风,3
20120307,小雨,10,6,北风,3
20120308,阵雨,9,6,北风,3
20120309,小雨,10,3,北风,3
20120310,阴,12,3,北风,3
20120311,多云,13,5,南风,3
20120312,阴,14,6,南风,3
20120313,多云,15,8,南风,3
20120314,多云,16,9,南风,3
20120315,阴,15,10,南风,3
20120316,阴,17,8,南风,3
20120317,多云,20,10,南风,3
20120318,多云,21,10,南风,3
20120319,多云,23,15,南风,3
20120320,阴,22,14,南风,3
20120321,小雨,18,12,北风,3
20120322,小雨,16,8,北风,3
20120323,阴,15,6,北风,3
20120324,晴,17,5,南风,3
20120325,多云,20,10,南风,3
20120326,多云,21,11,南风,0
20120327,多云,20,13,南风,3
20120328,多云,21,12,南风,3
20120329,小雨,17,13,北风,3
20120330,多云,20,10,南风,3
20120331,多云,22,10,南风,3
20120401,多云,22,10,南风,3
20120402,多云,24,11,南风,3
20120403,多云,25,15,南风,3
20120404,多云,23,14,北风,3
20120405,多云,24,16,南风,3
20120406,阵雨,19,13,北风,4
20120407,阴,21,13,南风,3
20120408,小雨,19,13,北风,3
20120409,阴,21,13,南风,3
20120410,多云,23,13,南风,3
20120411,多云,25,14,北风,3
20120412,阵雨,19,12,北风,4
20120413,阴,21,12,南风,3
20120414,多云,22,13,南风,3
20120415,多云,24,15,南风,3
20120416,阴,21,14,南风,3
20120417,阴,19,14,南风,3
20120418,多云,23,14,南风,3
20120419,多云,24,14,南风,3
20120420,多云,25,14,南风,3
20120421,晴,27,16,南风,3
20120422,多云,28,19,南风,0
20120423,多云,29,18,北风,3
20120424,阴,25,16,北风,3
20120425,多云,25,15,南风,3
20120426,多云,28,15,南风,3
20120427,晴,28,18,南风,3
20120428,阵雨,29,19,北风,3
20120429,阵雨,25,18,北风,3
20120430,多云,27,18,北风,3
20120501,多云,25,19,北风,3
20120502,多云,26,18,南风,3
20120503,阴,25,17,南风,3
20120504,阴,26,19,南风,3
20120505,阵雨,27,19,南风,3
20120506,多云,27,19,北风,3
20120507,阴,27,19,南风,0
20120508,阴,28,20,南风,3
20120509,多云,32,21,南风,3
20120510,阵雨,28,21,南风,3
20120511,中雨,26,18,北风,4
20120512,阵雨,25,17,北风,3
20120513,多云,26,18,北风,3
20120514,阴,24,17,北风,3
20120515,多云,27,17,南风,3
20120516,多云,27,18,南风,3
20120517,多云,27,19,南风,3
20120518,多云,30,19,南风,3
20120519,多云,33,20,南风,3
20120520,多云,31,18,南风,3
20120521,小到中雨,22,18,北风,4
20120522,阴,23,18,北风,3
20120523,阴,24,17,北风,3
20120524,阵雨,22,17,北风,3
20120525,阴,24,18,南风,3
20120526,多云,27,18,南风,3
20120527,阴,27,19,南风,3
20120528,阴,24,19,北风,3
20120529,多云,27,18,南风,3
20120530,多云,30,16,南风,3
20120531,小到中雨,24,18,北风,4
20120601,多云,27,18,南风,3
20120602,多云,26,19,南风,3
20120603,阵雨,25,17,北风,3
20120604,阴,25,18,南风,3
20120605,阴,24,18,北风,3
20120606,阴,26,20,南风,3
20120607,多云,29,20,南风,3
20120608,多云,29,20,南风,3
20120609,多云,29,21,南风,3
20120610,多云,30,21,南风,3
20120611,多云,30,22,南风,3
20120612,多云,30,22,南风,3
20120613,多云,31,22,南风,3
20120614,多云,30,20,南风,3
20120615,阵雨,27,21,北风,3
20120616,小到中雨,25,19,北风,4
20120617,阴,23,19,北风,3
20120618,小雨,23,19,北风,3
20120619,多云,29,20,南风,3
20120620,多云,28,21,南风,3
20120621,阵雨,25,20,北风,3
20120622,多云,29,21,南风,3
20120623,多云,31,21,南风,3
20120624,阴,27,21,北风,3
20120625,阵雨,24,20,北风,3
20120626,阴,26,21,南风,3
20120627,阵雨,26,21,北风,3
20120628,中雨,27,21,北风,3
20120629,小雨,26,23,北风,3
20120630,阴,28,22,南风,3
20120701,阴,29,23,南风,3
20120702,阵雨,27,22,南风,3
20120703,阴,25,21,南风,3
20120704,阵雨,27,21,北风,3
20120705,多云,31,22,南风,3
20120706,多云,29,23,南风,3
20120707,阵雨,28,23,北风,4
20120708,阵雨,29,22,南风,3
20120709,阵雨,28,23,南风,3
20120710,阵雨,28,23,北风,3
20120711,多云,30,23,南风,3
20120712,阵雨,29,23,北风,3
20120713,多云,32,23,南风,3
20120714,多云,32,23,南风,3
20120715,阵雨,27,22,北风,3
20120716,阵雨,27,21,南风,3
20120717,小到中雨,26,21,北风,3
20120718,阵雨,26,22,北风,3
20120719,多云,29,23,南风,3
20120720,多云,28,23,南风,3
20120721,中雨,27,22,北风,3
20120722,阵雨,28,22,北风,3
20120723,阴,27,23,南风,3
20120724,多云,29,23,南风,3
20120725,多云,32,23,南风,3
20120726,多云,31,23,南风,3
20120727,阴,28,23,北风,3
20120728,阵雨,29,23,南风,3
20120729,多云,32,24,南风,3
20120730,多云,32,24,南风,3
20120731,阵雨,29,23,北风,3
20120801,多云,30,23,南风,3
20120802,阴,31,23,北风,3
20120803,多云,32,24,南风,3
20120804,多云,33,24,南风,3
20120805,多云,32,24,南风,3
20120806,阴,30,23,北风,3
20120807,多云,32,24,南风,3
20120808,晴,34,24,南风,3
20120809,晴,34,25,南风,3
20120810,晴,35,24,南风,3
20120811,多云,33,25,南风,3
20120812,多云,34,25,南风,3
20120813,多云,34,25,南风,3
20120814,阵雨,32,24,北风,3
20120815,多云,34,24,南风,3
20120816,多云,35,24,南风,3
20120817,多云,33,25,南风,3
20120818,多云,31,25,北风,3
20120819,阵雨,30,22,北风,3
20120820,阵雨,28,22,北风,3
20120821,多云,31,22,南风,3
20120822,多云,29,20,北风,3
20120823,阴,29,21,北风,3
20120824,多云,29,23,南风,3
20120825,多云,29,22,南风,3
20120826,多云,32,22,南风,3
20120827,多云,30,22,南风,3
20120828,多云,31,22,南风,3
20120829,多云,31,22,南风,3
20120830,小到中雨,27,21,南风,3
20120831,小到中雨,24,20,北风,4
20120901,中雨,24,21,北风,4
20120902,多云,28,20,南风,3
20120903,多云,29,21,南风,3
20120904,多云,30,20,南风,3
20120905,多云,31,21,北风,3
20120906,多云,30,21,南风,3
20120907,多云,28,21,南风,3
20120908,多云,29,21,南风,3
20120909,多云,30,20,南风,3
20120910,中雨,27,21,北风,3
20120911,阴,26,19,北风,3
20120912,多云,28,19,北风,3
20120913,多云,27,18,北风,3
20120914,多云,26,18,南风,3
20120915,阵雨,23,16,北风,3
20120916,阵雨,19,14,北风,3
20120917,多云,25,15,南风,3
20120918,多云,25,17,南风,3
20120919,阵雨,24,16,北风,3
20120920,小雨,21,17,北风,3
20120921,阴,23,19,北风,3
20120922,阴,26,17,北风,3
20120923,阴,25,19,北风,3
20120924,小雨,23,18,北风,3
20120925,阵雨,23,18,北风,3
20120926,多云,24,17,南风,3
20120927,多云,27,18,南风,3
20120928,多云,26,18,南风,3
20120929,阴,25,18,南风,3
20120930,阴,22,17,北风,3
20121001,多云,24,17,南风,3
20121002,小雨,19,17,南风,3
20121003,多云,21,17,北风,3
20121004,阴,22,17,北风,3
20121005,阴,22,16,北风,3
20121006,阴,21,17,北风,3
20121007,小雨,21,16,北风,3
20121008,小雨,20,14,北风,3
20121009,阵雨,23,15,北风,3
20121010,阵雨,21,15,北风,3
20121011,小雨,19,15,北风,3
20121012,阴,18,15,东北风,3
20121013,阵雨,21,15,南风,3
20121014,多云,22,15,北风,3
20121015,阵雨,22,16,北风,3
20121016,多云,22,13,北风,3
20121017,多云,23,15,南风,3
20121018,阴,20,15,南风,3
20121019,多云,22,15,南风,3
20121020,多云,23,16,南风,3
20121021,阵雨,21,16,北风,3
20121022,阴,20,14,北风,3
20121023,阵雨,19,13,北风,3
20121024,阵雨,18,13,北风,3
20121025,阴,19,13,北风,3
20121026,多云,22,14,南风,3
20121027,多云,22,14,南风,3
20121028,多云,21,15,南风,3
20121029,阴,21,14,北风,3
20121030,多云,24,13,南风,3
20121031,多云,21,11,北风,3
20121101,多云,23,12,南风,3
20121102,多云,22,11,南风,3
20121103,阴,16,6,北风,4
20121104,多云,18,7,南风,3
20121105,多云,19,10,南风,3
20121106,小雨,14,10,北风,3
20121107,阵雨,14,9,北风,3
20121108,阵雨,14,10,北风,3
20121109,多云,17,11,南风,3
20121110,多云,17,9,南风,3
20121111,阴,15,9,北风,3
20121112,多云,14,10,北风,3
20121113,多云,17,9,南风,3
20121114,小雨,16,10,南风,3
20121115,小雨,16,10,南风,3
20121116,多云,18,7,北风,3
20121117,多云,17,7,南风,4
20121118,多云,18,10,南风,3
20121119,多云,18,10,南风,3
20121120,多云,17,10,南风,3
20121121,阴,16,9,南风,3
20121122,阵雨,13,5,北风,4
20121123,阴,11,5,北风,4
20121124,阴,11,7,北风,3
20121125,阵雨,10,6,北风,3
20121126,阴,12,4,北风,3
20121127,多云,13,5,南风,3
20121128,阴,12,5,南风,3
20121129,多云,13,6,南风,3
20121130,阴,10,5,北风,3
20121201,多云,12,5,北风,3
20121202,多云,14,3,南风,3
20121203,阴,10,5,南风,3
20121204,多云,12,4,南风,3
20121205,多云,13,3,南风,3
20121206,晴,14,6,南风,3
20121207,阴,12,6,南风,3
20121208,阴,13,7,南风,3
20121209,阴,11,8,北风,3
20121210,阴,13,6,北风,3
20121211,阴,12,7,北风,3
20121212,小雨,11,7,南风,3
20121213,阴,12,6,南风,3
20121214,阴,12,5,南风,3
20121215,多云,14,6,南风,3
20121216,小雨,12,7,南风,0
20121217,阴,12,5,南风,3
20121218,阴,11,6,北风,3
20121219,小雨,9,4,北风,3
20121220,阵雨,8,3,北风,3
20121221,阴,9,3,北风,3
20121222,阴,8,0,北风,3
20121223,多云,10,0,北风,3
20121224,多云,10,4,南风,3
20121225,多云,10,5,南风,3
20121226,小雨,8,1,北风,3
20121227,阴,9,2,北风,3
20121228,阴,7,2,北风,3
20121229,多云,6,-1,北风,3
20121230,多云,5,-2,北风,3
20121231,多云,8,-1,南风,3
20130101,多云,9,0,南风,3
20130102,阴,7,-1,北风,3
20130103,雨夹雪,4,-1,北风,3
20130104,雨夹雪,4,0,北风,4
20130105,雨夹雪,5,0,北风,3
20130106,阴,5,-2,北风,3
20130107,阴,8,0,南风,3
20130108,阴,8,-1,南风,3
20130109,多云,9,1,南风,3
20130110,多云,8,3,南风,3
20130111,阴,9,-2,南风,3
20130112,多云,10,0,南风,3
20130113,多云,11,3,南风,3
20130114,小雨,9,1,北风,3
20130115,多云,11,3,南风,3
20130116,多云,11,3,南风,3
20130117,多云,12,3,南风,3
20130118,多云,11,5,南风,3
20130119,阴,9,6,南风,3
20130120,多云,11,5,北风,3
20130121,多云,11,2,北风,3
20130122,多云,12,2,南风,3
20130123,多云,14,3,南风,3
20130124,多云,14,2,南风,3
20130125,多云,16,3,南风,3
20130126,多云,15,2,南风,3
20130127,多云,16,5,南风,3
20130128,多云,15,5,南风,3
20130129,阴,15,6,南风,3
20130130,多云,16,5,南风,3
20130131,多云,17,5,南风,3
20130201,多云,16,7,南风,3
20130202,阴,15,7,南风,3
20130203,阴,17,8,南风,3
20130204,多云,18,6,南风,3
20130205,多云,18,8,南风,3
20130206,小雨,16,6,南风,3
20130207,阴,12,3,北风,4
20130208,小雨,7,2,北风,4
20130209,多云,11,2,南风,3
20130210,多云,11,5,南风,3
20130211,多云,11,6,南风,3
20130212,阴,10,4,南风,3
20130213,阴,11,5,南风,3
20130214,多云,11,3,南风,3
20130215,多云,13,4,南风,3
20130216,多云,15,7,南风,3
20130217,阴,14,7,南风,3
20130218,阵雨,11,3,北风,4
20130219,阴,12,5,南风,3
20130220,阴,11,6,南风,3
20130221,多云,12,4,南风,3
20130222,晴,15,8,南风,3
20130223,多云,17,5,南风,3
20130224,多云,17,6,南风,3
20130225,多云,17,5,南风,3
20130226,多云,19,9,南风,3
20130227,多云,20,10,南风,3
20130228,多云,18,9,南风,3
20130301,小雨,15,6,北风,3
20130302,阴,15,6,北风,3
20130303,多云,17,7,北风,3
20130304,多云,19,7,南风,3
20130305,晴,19,9,南风,3
20130306,多云,21,9,南风,3
20130307,晴,25,11,南风,3
20130308,晴,25,10,南风,3
20130309,多云,26,10,南风,3
20130310,多云,25,11,南风,3
20130311,阴,21,11,南风,3
20130312,多云,24,10,南风,3
20130313,多云,25,13,南风,3
20130314,多云,21,13,南风,3
20130315,多云,21,13,南风,3
20130316,多云,23,14,南风,3
20130317,多云,22,14,南风,3
20130318,多云,23,12,南风,3
20130319,阴,22,12,北风,3
20130320,多云,25,10,南风,3
20130321,多云,24,13,南风,3
20130322,小雨,23,13,北风,3
20130323,多云,25,10,南风,3
20130324,多云,24,15,南风,3
20130325,小雨,21,13,北风,3
20130326,多云,22,13,南风,3
20130327,多云,25,12,南风,3
20130328,多云,26,12,南风,3
20130329,多云,27,14,南风,3
20130330,多云,24,15,南风,3
20130331,多云,24,15,南风,3
20130401,阴,25,15,南风,3
20130402,阵雨,23,14,南风,3
20130403,阴,24,15,南风,3
20130404,多云,24,12,南风,3
20130405,阵雨,15,9,北风,4
20130406,多云,21,9,南风,3
20130407,多云,22,10,南风,3
20130408,多云,22,13,南风,3
20130409,阴,19,12,南风,3
20130410,阵雨,19,11,北风,3
20130411,阴,18,11,北风,3
20130412,小雨,17,10,南风,3
20130413,多云,24,12,南风,3
20130414,多云,26,14,南风,3
20130415,多云,27,16,南风,3
20130416,多云,30,15,南风,3
20130417,多云,29,16,南风,3
20130418,小到中雨,30,16,南风,3
20130419,阵雨,27,17,南风,3
20130420,多云,27,14,南风,3
20130421,阴,25,16,南风,3
20130422,多云,25,16,南风,3
20130423,阴,26,17,北风,3
20130424,小雨,27,16,北风,3
20130425,多云,28,16,南风,3
20130426,多云,30,16,南风,3
20130427,多云,31,18,南风,3
20130428,中雨,28,17,北风,4
20130429,阵雨,25,17,北风,4
20130430,阴,27,18,南风,3
20130501,阵雨,25,17,南风,3
20130502,小雨,24,16,北风,3
20130503,阵雨,27,17,南风,3
20130504,阵雨,24,16,南风,3
20130505,阴,24,16,南风,3
20130506,中雨,26,16,北风,3
20130507,阴,23,16,北风,3
20130508,阵雨,24,16,北风,3
20130509,阵雨,23,16,北风,3
20130510,多云,29,15,北风,3
20130511,晴,30,16,南风,3
20130512,多云,30,16,南风,3
20130513,多云,30,18,南风,3
20130514,阵雨,29,19,南风,3
20130515,小雨,27,17,北风,3
20130516,阴,23,16,北风,3
20130517,阵雨,20,15,北风,3
20130518,多云,28,18,北风,3
20130519,晴,30,18,南风,3
20130520,多云,31,19,南风,3
20130521,晴,32,19,南风,3
20130522,晴,33,20,南风,3
20130523,多云,31,21,南风,3
20130524,中雨,29,20,北风,3
20130525,多云,30,19,南风,3
20130526,晴,31,20,南风,3
20130527,多云,32,21,南风,3
20130528,阴,26,19,南风,3
20130529,阵雨,26,16,北风,3
20130530,阴,26,18,北风,3
20130531,阴,26,18,南风,3
20130601,多云,30,18,南风,3
20130602,多云,32,20,南风,3
20130603,多云,33,21,南风,3
20130604,多云,34,20,南风,3
20130605,阵雨,30,21,南风,3
20130606,多云,31,22,南风,3
20130607,多云,32,21,南风,3
20130608,阵雨,24,19,南风,3
20130609,多云,28,18,南风,3
20130610,多云,32,19,南风,3
20130611,多云,31,20,南风,3
20130612,晴,31,20,南风,3
20130613,多云,31,22,南风,3
20130614,多云,30,22,南风,3
20130615,多云,30,24,南风,3
20130616,多云,32,23,南风,3
20130617,多云,32,24,南风,3
20130618,多云,32,24,南风,3
20130619,多云,32,22,南风,3
20130620,中到大雨,27,23,南风,4
20130621,阴,28,23,南风,3
20130622,阵雨,29,23,南风,3
20130623,阴,29,22,南风,3
20130624,小雨,27,22,南风,3
20130625,阵雨,29,22,南风,3
20130626,多云,31,23,南风,3
20130627,多云,33,23,南风,3
20130628,多云,33,24,南风,3
20130629,雷阵雨,32,24,南风,4
20130630,阴,27,23,北风,3
20130701,中雨,27,23,北风,4
20130702,多云,29,24,南风,3
20130703,阵雨,32,24,南风,3
20130704,雷阵雨,30,23,北风,4
20130705,多云,31,24,南风,3
20130706,多云,32,24,南风,3
20130707,多云,33,24,南风,3
20130708,中雨,31,23,南风,3
20130709,中雨,28,23,北风,4
20130710,中到大雨,25,21,北风,4
20130711,中雨,25,22,北风,4
20130712,阴,27,24,南风,3
20130713,多云,29,24,南风,3
20130714,雷阵雨,33,24,南风,3
20130715,多云,33,24,南风,3
20130716,多云,31,22,北风,4
20130717,阴,26,22,南风,3
20130718,中雨,26,22,北风,3
20130719,阵雨,27,23,北风,3
20130720,多云,29,23,北风,3
20130721,多云,31,23,南风,3
20130722,阴,28,23,北风,3
20130723,多云,30,23,南风,3
20130724,阵雨,30,24,南风,3
20130725,多云,32,24,南风,3
20130726,多云,32,24,南风,3
20130727,多云,33,24,南风,3
20130728,多云,32,24,南风,3
20130729,阵雨,33,23,南风,3
20130730,多云,33,24,南风,3
20130731,多云,32,24,北风,3
20130801,多云,33,24,南风,3
20130802,多云,33,24,南风,3
20130803,多云,34,25,南风,3
20130804,多云,33,25,南风,3
20130805,阵雨,33,24,南风,3
20130806,中到大雨,30,22,北风,3
20130807,阴,28,22,北风,3
20130808,多云,30,23,南风,3
20130809,多云,30,21,南风,3
20130810,阵雨,29,23,南风,3
20130811,阵雨,31,23,南风,3
20130812,阵雨,31,23,南风,3
20130813,晴,33,23,南风,3
20130814,多云,34,24,南风,3
20130815,多云,34,25,南风,3
20130816,多云,34,24,南风,3
20130817,多云,34,24,南风,3
20130818,多云,35,24,南风,3
20130819,多云,35,25,南风,3
20130820,多云,34,24,南风,3
20130821,多云,33,24,南风,3
20130822,多云,33,24,南风,3
20130823,多云,36,24,南风,3
20130824,多云,35,24,南风,3
20130825,阵雨,33,24,南风,3
20130826,多云,33,24,南风,3
20130827,多云,31,24,南风,3
20130828,中到大雨,28,22,北风,4
20130829,阴,28,22,北风,3
20130830,多云,31,21,南风,3
20130831,多云,30,20,南风,3
20130901,阴,26,19,南风,3
20130902,阵雨,23,19,北风,4
20130903,阵雨,23,19,北风,3
20130904,小到中雨,23,18,北风,3
20130905,阵雨,23,17,北风,4
20130906,阴,23,18,北风,3
20130907,阵雨,22,17,北风,3
20130908,阴,24,18,北风,3
20130909,阴,26,19,北风,3
20130910,多云,27,20,南风,3
20130911,阴,27,19,北风,3
20130912,多云,28,19,南风,3
20130913,多云,28,19,南风,3
20130914,多云,30,21,南风,3
20130915,多云,31,21,南风,3
20130916,多云,29,22,南风,3
20130917,多云,29,22,北风,3
20130918,阵雨,28,21,北风,3
20130919,中雨,25,20,北风,4
20130920,阴,26,19,北风,3
20130921,阴,25,19,北风,3
20130922,阵雨,25,20,北风,3
20130923,多云,27,20,南风,3
20130924,阴,27,19,东北风,3
20130925,阴,24,16,北风,3
20130926,阵雨,21,14,北风,4
20130927,阴,23,14,北风,3
20130928,多云,26,15,南风,3
20130929,多云,23,16,南风,3
20130930,多云,27,15,南风,3
20131001,多云,25,17,东北风,3
20131002,阴,25,17,北风,3
20131003,阴,24,16,西南风,3
20131004,阵雨,22,17,北风,3
20131005,多云,24,17,南风,3
20131006,多云,25,16,东南风,3
20131007,多云,28,16,南风,3
20131008,多云,28,16,南风,3
20131009,多云,30,16,南风,3
20131010,晴,30,18,南风,3
20131011,多云,30,17,东南风,3
20131012,多云,29,17,南风,3
20131013,多云,27,18,北风,3
20131014,小雨,24,16,北风,4
20131015,小雨,18,13,北风,4
20131016,阴,16,12,北风,3
20131017,阴,18,13,北风,3
20131018,阵雨,17,12,北风,3
20131019,阴,19,13,北风,3
20131020,阴,18,14,北风,3
20131021,阵雨,18,15,北风,3
20131022,阴,21,14,南风,3
20131023,多云,24,13,南风,3
20131024,阴,23,13,北风,3
20131025,多云,23,14,南风,3
20131026,阴,21,13,南风,3
20131027,多云,20,14,西南风,3
20131028,小雨,17,13,北风,3
20131029,阵雨,16,13,北风,3
20131030,阵雨,17,13,北风,3
20131031,阵雨,17,12,北风,3
20131101,多云,19,13,北风,3
20131102,阵雨,16,13,南风,3
20131103,阴,17,13,北风,3
20131104,阴,18,13,北风,3
20131105,小雨,17,13,北风,3
20131106,多云,20,13,南风,3
20131107,阴,17,12,南风,3
20131108,阴,18,13,南风,3
20131109,阴,19,13,北风,3
20131110,阴,17,12,东北风,3
20131111,阵雨,16,11,东北风,3
20131112,阴,16,11,北风,3
20131113,小雨,14,10,北风,3
20131114,多云,18,8,南风,3
20131115,多云,17,8,南风,3
20131116,多云,19,7,南风,3
20131117,多云,20,8,南风,3
20131118,多云,19,8,东北风,3
20131119,多云,19,9,南风,3
20131120,阴,17,11,南风,3
20131121,阵雨,15,11,北风,3
20131122,小雨,15,8,北风,3
20131123,小雨,12,6,北风,3
20131124,阵雨,15,4,北风,3
20131125,多云,13,6,北风,3
20131126,多云,14,7,北风,3
20131127,多云,13,5,北风,3
20131128,多云,14,5,南风,3
20131129,多云,14,4,南风,3
20131130,多云,15,4,南风,3
20131201,多云,15,4,南风,3
20131202,多云,16,3,南风,3
20131203,晴,17,3,南风,3
20131204,阴,15,4,南风,3
20131205,多云,17,4,南风,3
20131206,多云,16,2,东风,3
20131207,多云,15,5,东风,3
20131208,阴,13,4,北风,3
20131209,多云,13,4,北风,3
20131210,多云,13,5,北风,3
20131211,多云,13,2,北风,3
20131212,多云,14,3,南风,3
20131213,多云,13,6,北风,3
20131214,小雨,11,5,北风,3
20131215,多云,12,0,南风,3
20131216,晴,12,-1,南风,3
20131217,晴,12,1,南风,3
20131218,多云,11,3,南风,3
20131219,小雨,9,4,北风,3
20131220,小雨,8,2,北风,3
20131221,阴,9,2,北风,3
20131222,阴,9,2,北风,3
20131223,阴,7,3,南风,3
20131224,阴,8,4,北风,3
20131225,阴,8,4,北风,3
20131226,阴,8,0,北风,3
20131227,多云,9,3,南风,3
20131228,阴,7,1,北风,3
20131229,多云,9,1,南风,3
20131230,多云,10,0,南风,3
20131231,多云,10,0,南风,3
20140101,多云,8,2,南风,3
20140102,阴,9,0,北风,3
20140103,多云,13,-2,北风,3
20140104,多云,13,3,南风,3
20140105,阴,10,3,南风,3
20140106,阴,9,4,南风,3
20140107,多云,11,2,北风,3
20140108,多云,9,2,南风,3
20140109,多云,10,3,北风,3
20140110,阴,8,3,北风,3
20140111,多云,10,3,北风,3
20140112,多云,11,-1,北风,3
20140113,多云,13,2,北风,3
20140114,多云,10,2,北风,3
20140115,阴,9,4,南风,3
20140116,多云,10,2,北风,3
20140117,多云,13,3,南风,3
20140118,阴,10,4,南风,3
20140119,阴,8,2,北风,3
20140120,多云,14,-1,北风,3
20140121,晴,15,1,南风,3
20140122,晴,15,1,南风,3
20140123,多云,15,3,南风,3
20140124,多云,16,2,南风,3
20140125,多云,15,6,南风,3
20140126,多云,14,5,北风,3
20140127,多云,15,7,南风,3
20140128,阴,13,5,北风,3
20140129,阴,14,5,北风,3
20140130,阴,14,5,南风,3
20140131,多云,14,4,南风,3
20140201,多云,16,5,南风,3
20140202,多云,17,8,南风,3
20140203,多云,15,10,南风,3
20140204,阴,14,9,北风,3
20140205,阴,12,6,北风,3
20140206,小雨,7,3,北风,3
20140207,阴,9,3,北风,3
20140208,阴,7,4,北风,3
20140209,阵雨,6,1,北风,3
20140210,雨夹雪,4,-1,北风,3
20140211,雨夹雪,5,0,北风,3
20140212,小雨,5,1,北风,3
20140213,阴,6,1,北风,3
20140214,阴,8,1,东北风,3
20140215,阴,10,2,北风,3
20140216,阴,7,3,北风,3
20140217,小雨,6,2,北风,3
20140218,多云,10,0,南风,3
20140219,多云,11,4,北风,3
20140220,多云,10,5,南风,3
20140221,阴,10,5,南风,3
20140222,阴,12,6,南风,3
20140223,阴,13,8,北风,3
20140224,阴,13,6,北风,3
20140225,阴,15,8,南风,3
20140226,阴,13,7,北风,3
20140227,小雨,12,7,北风,3
20140228,阴,11,6,北风,3
20140301,阴,12,7,东北风,3
20140302,阴,11,6,北风,3
20140303,阴,11,5,北风,3
20140304,多云,15,7,北风,3
20140305,阴,13,8,北风,3
20140306,小雨,11,7,北风,3
20140307,小雨,10,7,北风,3
20140308,阴,13,7,南风,3
20140309,多云,15,8,南风,3
20140310,多云,16,9,南风,3
20140311,多云,18,8,南风,3
20140312,多云,19,9,南风,3
20140313,阴,16,8,北风,3
20140314,阴,18,8,南风,3
20140315,多云,18,7,南风,3
20140316,多云,18,7,南风,3
20140317,多云,22,10,南风,3
20140318,多云,23,11,南风,3
20140319,小雨,24,9,北风,4
20140320,小雨,13,7,北风,3
20140321,阴,16,8,北风,3
20140322,小雨,12,8,北风,3
20140323,阴,13,8,北风,3
20140324,阴,16,9,北风,3
20140325,多云,19,7,南风,3
20140326,阴,22,11,南风,3
20140327,多云,20,13,南风,3
20140328,多云,24,13,南风,3
20140329,多云,23,13,南风,3
20140330,小雨,19,15,北风,3
20140331,小雨,19,12,北风,3
20140401,阴,18,10,北风,3
20140402,阴,21,12,北风,3
20140403,阴,20,13,北风,3
20140404,阴,20,12,北风,3
20140405,小雨,16,11,北风,3
20140406,多云,22,13,南风,3
20140407,多云,22,14,南风,3
20140408,多云,23,14,南风,3
20140409,阴,22,15,南风,3
20140410,阴,23,17,南风,3
20140411,阴,23,15,南风,3
20140412,多云,27,16,南风,3
20140413,多云,27,18,南风,3
20140414,阴,25,18,南风,3
20140415,多云,27,17,南风,3
20140416,多云,27,18,北风,3
20140417,阵雨,26,18,南风,3
20140418,多云,27,17,南风,3
20140419,多云,26,17,北风,3
20140420,阴,20,15,北风,3
20140421,阴,20,12,南风,3
20140422,阴,26,15,南风,3
20140423,多云,24,15,南风,3
20140424,多云,25,13,南风,3
20140425,阵雨,20,13,北风,3
20140426,多云,25,13,南风,3
20140427,多云,26,14,南风,3
20140428,多云,26,15,南风,3
20140429,多云,25,13,南风,3
20140430,多云,28,14,南风,3
20140501,阴,24,15,北风,4
20140502,阴,22,15,北风,3
20140503,阴,20,14,北风,4
20140504,阴,25,14,南风,3
20140505,多云,26,15,南风,3
20140506,多云,27,14,南风,3
20140507,多云,28,15,南风,3
20140508,阵雨,25,16,南风,3
20140509,阵雨,22,16,北风,3
20140510,阴,23,15,北风,3
20140511,多云,27,18,南风,3
20140512,多云,26,17,南风,3
20140513,多云,26,18,南风,3
20140514,阴,25,16,北风,3
20140515,阴,22,15,北风,3
20140516,多云,25,16,南风,3
20140517,多云,28,18,南风,3
20140518,多云,28,19,南风,3
20140519,多云,28,18,南风,3
20140520,多云,28,18,南风,3
20140521,多云,27,17,南风,3
20140522,阴,25,19,南风,3
20140523,阴,26,19,北风,3
20140524,多云,27,20,北风,3
20140525,阵雨,25,19,北风,3
20140526,多云,29,18,南风,3
20140527,多云,30,19,南风,3
20140528,多云,30,20,南风,3
20140529,多云,29,20,南风,3
20140530,多云,31,22,南风,3
20140531,多云,32,23,南风,3
20140601,多云,32,24,南风,3
20140602,多云,32,22,南风,3
20140603,阵雨,27,23,南风,3
20140604,中雨,26,22,北风,3
20140605,阴,28,21,北风,3
20140606,阵雨,27,21,北风,3
20140607,多云,32,22,北风,3
20140608,多云,27,21,北风,3
20140609,阵雨,25,21,北风,3
20140610,阴,26,21,北风,3
20140611,阵雨,24,19,北风,3
20140612,阵雨,24,19,北风,3
20140613,阴,23,18,北风,3
20140614,阴,25,19,南风,3
20140615,阴,26,21,南风,3
20140616,多云,30,21,南风,3
20140617,多云,32,21,南风,3
20140618,多云,32,22,南风,3
20140619,阵雨,28,22,北风,3
20140620,阴,29,21,南风,3
20140621,多云,29,20,南风,3
20140622,多云,30,20,南风,3
20140623,阴,26,19,北风,3
20140624,小雨,23,19,北风,3
20140625,多云,29,21,北风,3
20140626,阴,28,21,南风,3
20140627,阴,28,22,南风,3
20140628,阵雨,26,21,北风,3
20140629,阵雨,25,20,北风,3
20140630,阵雨,26,20,北风,3
20140701,多云,30,20,北风,3
20140702,多云,29,22,南风,3
20140703,阴,28,20,南风,3
20140704,晴,32,22,南风,3
20140705,多云,31,24,南风,3
20140706,阴,28,23,北风,3
20140707,阵雨,27,23,北风,3
20140708,阴,30,24,南风,3
20140709,阵雨,27,21,北风,3
20140710,中雨,25,21,北风,3
20140711,多云,28,23,南风,3
20140712,多云,28,21,南风,3
20140713,多云,32,21,南风,3
20140714,多云,30,21,南风,3
20140715,多云,31,21,南风,3
20140716,多云,32,22,南风,3
20140717,多云,32,22,南风,3
20140718,多云,33,23,南风,3
20140719,阵雨,29,22,南风,4
20140720,阵雨,28,23,南风,3
20140721,阴,30,24,南风,3
20140722,多云,33,24,南风,3
20140723,小到中雨,33,25,南风,3
20140724,阵雨,34,22,北风,3
20140725,晴,35,24,南风,3
20140726,晴,34,23,南风,3
20140727,多云,34,24,南风,3
20140728,多云,33,24,南风,3
20140729,多云,32,24,南风,3
20140730,阵雨,31,23,南风,3
20140731,中雨,28,23,北风,3
20140801,阵雨,32,24,北风,3
20140802,多云,34,24,南风,3
20140803,多云,34,24,南风,3
20140804,多云,33,23,南风,3
20140805,多云,33,23,南风,3
20140806,阵雨,32,23,南风,3
20140807,阵雨,30,23,北风,3
20140808,阵雨,28,22,北风,3
20140809,阵雨,26,22,北风,3
20140810,阴,28,22,北风,3
20140811,阵雨,27,22,北风,3
20140812,阵雨,28,20,南风,3
20140813,多云,31,20,北风,3
20140814,多云,31,22,南风,3
20140815,阵雨,28,23,南风,3
20140816,阵雨,26,21,北风,3
20140817,阴,25,22,北风,3
20140818,多云,29,22,南风,3
20140819,多云,33,22,南风,3
20140820,阵雨,30,22,南风,3
20140821,阵雨,26,19,南风,4
20140822,阵雨,23,19,北风,3
20140823,阴,30,20,南风,3
20140824,多云,29,20,南风,3
20140825,多云,30,20,南风,3
20140826,小雨,25,20,北风,3
20140827,多云,26,19,北风,3
20140828,阴,28,20,南风,3
20140829,阴,28,22,南风,3
20140830,阴,27,21,南风,3
20140831,阴,29,21,南风,3
20140901,阵雨,25,21,北风,3
20140902,阴,27,19,北风,3
20140903,多云,28,17,南风,3
20140904,多云,29,18,南风,3
20140905,多云,29,21,南风,3
20140906,阴,27,21,南风,3
20140907,阴,28,20,南风,3
20140908,阴,27,21,南风,3
20140909,阵雨,26,22,北风,3
20140910,阴,28,22,南风,3
20140911,阴,28,22,南风,3
20140912,阴,28,22,北风,3
20140913,阵雨,28,20,北风,3
20140914,阴,24,20,北风,3
20140915,阴,24,19,北风,3
20140916,阵雨,24,19,北风,3
20140917,阵雨,24,19,北风,3
20140918,阵雨,23,17,北风,3
20140919,多云,28,19,南风,3
20140920,多云,28,20,南风,3
20140921,阴,25,20,北风,3
20140922,阴,25,19,北风,3
20140923,小雨,24,18,北风,3
20140924,多云,27,17,北风,3
20140925,多云,26,18,南风,3
20140926,阵雨,23,19,北风,3
20140927,阵雨,24,19,北风,3
20140928,多云,26,19,南风,3
20140929,多云,29,19,南风,3
20140930,阵雨,26,19,北风,3
20141001,阴,26,18,南风,3
20141002,多云,29,19,南风,3
20141003,阵雨,25,19,北风,3
20141004,多云,28,16,北风,3
20141005,晴,29,15,南风,3
20141006,多云,28,17,南风,3
20141007,多云,26,18,南风,3
20141008,阵雨,26,19,北风,3
20141009,阴,24,17,北风,3
20141010,阴,23,16,北风,4
20141011,小到中雨,18,14,北风,3
20141012,阴,16,13,北风,3
20141013,多云,18,11,南风,3
20141014,多云,20,14,南风,3
20141015,阴,18,13,南风,3
20141016,阴,18,14,北风,3
20141017,阴,19,15,北风,3
20141018,阴,19,14,北风,3
20141019,阴,21,15,北风,3
20141020,多云,25,15,北风,3
20141021,多云,25,16,南风,3
20141022,阴,21,15,南风,3
20141023,多云,24,13,南风,3
20141024,多云,26,14,南风,3
20141025,多云,25,14,南风,3
20141026,阴,22,16,南风,3
20141027,小雨,18,15,北风,3
20141028,阴,20,15,北风,3
20141029,阴,20,15,南风,3
20141030,阴,19,15,北风,3
20141031,阵雨,19,13,北风,3
20141101,小雨,16,13,北风,3
20141102,多云,17,7,北风,3
20141103,多云,16,8,北风,3
20141104,多云,18,10,北风,3
20141105,多云,20,12,南风,3
20141106,阴,18,12,北风,3
20141107,阴,17,10,北风,3
20141108,阴,15,12,北风,3
20141109,阴,16,10,北风,3
20141110,阴,14,10,北风,3
20141111,多云,16,10,北风,3
20141112,阴,17,9,南风,3
20141113,阴,17,7,北风,3
20141114,阴,16,10,北风,3
20141115,阴,16,9,北风,3
20141116,阴,13,10,北风,3
20141117,阵雨,12,10,北风,3
20141118,阴,16,8,北风,3
20141119,多云,16,8,南风,3
20141120,多云,14,9,南风,3
20141121,阴,15,11,北风,3
20141122,阴,15,9,北风,3
20141123,小雨,14,9,北风,3
20141124,阴,15,8,北风,3
20141125,多云,15,10,北风,3
20141126,阴,15,8,北风,3
20141127,多云,17,9,北风,3
20141128,阴,15,10,南风,3
20141129,阴,15,9,南风,3
20141130,小雨,12,6,北风,4
20141201,阴,12,7,南风,3
20141202,阴,13,8,北风,3
20141203,多云,13,4,北风,3
20141204,多云,13,7,北风,3
20141205,多云,13,8,北风,3
20141206,小雨,11,6,北风,3
20141207,多云,14,4,北风,3
20141208,多云,13,6,北风,3
20141209,小雨,8,4,北风,3
20141210,小雨,8,3,北风,3
20141211,阴,7,2,北风,3
20141212,多云,10,1,南风,3
20141213,阴,10,3,北风,3
20141214,阴,10,4,北风,3
20141215,多云,10,4,北风,0
20141216,多云,9,0,北风,3
20141217,多云,11,2,南风,3
20141218,多云,11,-1,南风,3
20141219,多云,11,1,南风,3
20141220,多云,10,0,南风,3
20141221,晴,10,-2,北风,3
20141222,多云,12,-1,北风,3
20141223,多云,11,2,南风,3
20141224,多云,10,4,南风,3
20141225,阴,11,4,南风,3
20141226,阴,9,4,南风,3
20141227,阴,12,1,北风,3
20141228,多云,14,0,北风,3
20141229,多云,13,3,北风,3
20141230,多云,14,2,北风,3
20141231,多云,13,4,南风,3
20150101,多云,12,5,南风,3
20150102,阴,10,3,南风,3
20150103,多云,11,1,南风,3
20150104,阴,9,5,北风,3
20150105,小雨,9,2,北风,3
20150106,多云,11,3,南风,3
20150107,阴,9,5,北风,3
20150108,阴,11,2,南风,3
20150109,多云,12,2,北风,3
20150110,多云,11,4,北风,3
20150111,多云,12,3,北风,3
20150112,多云,13,2,北风,3
20150113,多云,11,5,北风,3
20150114,阴,10,5,北风,3
20150115,阴,11,4,北风,3
20150116,阴,11,6,南风,3
20150117,小雨,11,5,北风,3
20150118,阴,12,4,北风,3
20150119,多云,12,3,北风,3
20150120,多云,14,2,南风,3
20150121,多云,14,3,南风,3
20150122,多云,14,3,南风,3
20150123,阴,13,6,南风,3
20150124,阴,13,6,南风,3
20150125,多云,13,8,南风,3
20150126,多云,14,9,南风,3
20150127,阴,13,6,南风,3
20150128,小雨,7,3,北风,3
20150129,小雨,6,3,北风,3
20150130,阴,7,2,北风,3
20150131,小雨,6,2,北风,3
20150201,阴,6,2,北风,3
20150202,阴,10,2,南风,3
20150203,多云,10,2,北风,3
20150204,多云,12,2,北风,3
20150205,多云,12,2,南风,3
20150206,多云,11,4,南风,3
20150207,多云,13,0,南风,3
20150208,多云,11,4,南风,3
20150209,阴,11,3,南风,3
20150210,阴,11,2,南风,3
20150211,多云,16,1,南风,3
20150212,多云,17,3,南风,3
20150213,多云,16,6,南风,3
20150214,阴,14,5,南风,3
20150215,多云,17,5,南风,3
20150216,多云,19,4,南风,3
20150217,多云,19,10,南风,3
20150218,阴,15,10,南风,3
20150219,小雨,15,10,南风,3
20150220,多云,17,11,北风,3
20150221,多云,16,10,南风,3
20150222,阴,16,8,南风,3
20150223,阴,14,8,南风,3
20150224,多云,17,6,南风,3
20150225,多云,16,9,南风,3
20150226,阴,15,8,北风,3
20150227,小雨,13,8,北风,3
20150228,阴,12,2,北风,3
20150301,多云,14,4,南风,3
20150302,多云,13,5,南风,3
20150303,阴,12,6,北风,3
20150304,小雨,10,5,北风,3
20150305,小雨,9,3,北风,3
20150306,阴,12,6,南风,3
20150307,多云,14,7,南风,3
20150308,多云,17,7,南风,3
20150309,多云,20,8,南风,3
20150310,小雨,15,8,北风,3
20150311,多云,17,6,南风,3
20150312,多云,20,8,南风,3
20150313,多云,19,8,南风,3
20150314,阴,19,11,南风,3
20150315,阴,20,12,南风,3
20150316,多云,20,15,南风,3
20150317,阴,20,14,北风,3
20150318,阴,21,13,南风,3
20150319,小雨,17,11,北风,3
20150320,阴,20,9,南风,3
20150321,多云,22,12,南风,3
20150322,多云,22,12,南风,3
20150323,多云,22,13,北风,3
20150324,阴,19,13,北风,3
20150325,多云,22,13,南风,3
20150326,多云,21,15,南风,3
20150327,小雨,19,15,北风,3
20150328,多云,23,15,南风,3
20150329,多云,25,17,南风,3
20150330,多云,25,18,南风,3
20150331,多云,25,18,南风,3
20150401,多云,25,18,南风,3
20150402,多云,30,15,北风,3
20150403,多云,27,17,南风,3
20150404,阴,24,13,北风,3
20150405,小雨,19,11,北风,3
20150406,小雨,16,11,北风,3
20150407,阴,17,11,北风,3
20150408,阴,16,11,北风,3
20150409,阴,18,10,北风,3
20150410,小雨,17,10,北风,3
20150411,多云,23,11,北风,3
20150412,晴,27,10,南风,3
20150413,多云,25,12,南风,3
20150414,阴,24,12,南风,3
20150415,晴,28,14,南风,3
20150416,多云,28,16,南风,3
20150417,多云,27,17,南风,3
20150418,小到中雨,25,16,北风,4
20150419,多云,24,16,南风,3
20150420,多云,27,16,南风,3
20150421,多云,24,15,南风,3
20150422,阴,20,14,北风,3
20150423,阴,19,14,北风,3
20150424,阴,24,15,北风,3
20150425,多云,26,14,南风,3
20150426,多云,27,16,南风,3
20150427,多云,28,18,南风,3
20150428,多云,30,16,南风,3
20150429,多云,31,18,南风,3
20150430,多云,27,18,南风,3
20150501,阴,26,16,北风,3
20150502,多云,30,18,北风,3
20150503,阴,26,18,南风,3
20150504,多云,26,15,南风,3
20150505,阴,25,14,北风,3
20150506,多云,30,18,南风,3
20150507,多云,29,19,南风,3
20150508,多云,30,18,南风,3
20150509,晴,31,17,南风,3
20150510,多云,30,18,北风,3
20150511,多云,29,14,南风,3
20150512,多云,30,17,南风,3
20150513,多云,30,18,南风,3
20150514,多云,33,19,南风,3
20150515,阵雨,30,20,北风,3
20150516,多云,31,18,南风,3
20150517,多云,28,20,南风,3
20150518,多云,32,21,南风,3
20150519,多云,32,21,南风,3
20150520,多云,32,18,南风,3
20150521,小雨,23,16,北风,4
20150522,小雨,22,17,北风,3
20150523,多云,29,17,南风,3
20150524,多云,29,20,南风,3
20150525,多云,28,20,南风,3
20150526,阴,28,19,南风,3
20150527,多云,30,19,南风,3
20150528,阴,27,19,南风,3
20150529,多云,27,22,南风,3
20150530,多云,33,20,南风,3
20150531,多云,30,22,南风,3
20150601,阵雨,31,22,南风,3
20150602,多云,31,21,南风,3
20150603,阴,29,22,北风,3
20150604,阵雨,27,20,南风,3
20150605,多云,30,20,南风,3
20150606,多云,29,19,北风,3
20150607,多云,29,21,南风,3
20150608,多云,31,21,南风,3
20150609,多云,31,22,南风,3
20150610,多云,33,24,南风,3
20150611,阵雨,29,21,南风,3
20150612,阵雨,27,20,北风,3
20150613,阴,29,20,南风,3
20150614,阴,29,21,南风,3
20150615,阴,29,21,南风,3
20150616,阴,30,23,南风,3
20150617,多云,31,21,南风,3
20150618,多云,32,22,南风,3
20150619,阴,31,21,南风,3
20150620,小到中雨,28,21,北风,3
20150621,多云,31,21,南风,3
20150622,阵雨,28,22,南风,3
20150623,阵雨,27,21,北风,3
20150624,阴,30,23,北风,3
20150625,多云,31,23,南风,3
20150626,多云,32,24,南风,3
20150627,阵雨,32,23,南风,3
20150628,阵雨,32,24,南风,3
20150629,大雨,28,23,北风,3
20150630,阴,29,23,南风,3
20150701,多云,32,24,南风,3
20150702,阵雨,30,21,南风,3
20150703,中雨,27,20,南风,3
20150704,阵雨,25,20,北风,3
20150705,多云,28,20,南风,3
20150706,多云,30,20,南风,3
20150707,多云,30,21,南风,3
20150708,多云,31,21,南风,3
20150709,阵雨,27,20,北风,3
20150710,多云,31,22,南风,3
20150711,多云,33,21,南风,3
20150712,多云,32,24,南风,3
20150713,阴,28,21,南风,3
20150714,多云,32,22,南风,3
20150715,多云,31,22,南风,3
20150716,多云,33,22,南风,3
20150717,多云,33,22,南风,3
20150718,多云,33,23,南风,3
20150719,多云,32,22,南风,3
20150720,多云,31,22,北风,3
20150721,中雨,27,21,北风,4
20150722,多云,30,23,南风,3
20150723,晴,34,23,南风,3
20150724,多云,35,22,南风,3
20150725,晴,36,22,南风,3
20150726,晴,35,23,南风,3
20150727,多云,34,23,南风,3
20150728,多云,34,23,南风,3
20150729,多云,34,22,南风,3
20150730,阵雨,34,23,南风,3
20150731,中雨,33,23,北风,3
20150801,多云,34,24,南风,3
20150802,多云,35,24,南风,3
20150803,阴,34,24,南风,3
20150804,阴,31,22,南风,3
20150805,多云,34,22,南风,3
20150806,多云,35,24,南风,3
20150807,多云,32,20,南风,3
20150808,中雨,28,21,北风,4
20150809,阴,31,21,南风,3
20150810,多云,33,23,南风,3
20150811,多云,31,23,南风,3
20150812,多云,31,23,南风,3
20150813,多云,32,23,南风,3
20150814,多云,32,21,南风,3
20150815,阵雨,32,24,南风,3
20150816,多云,31,20,南风,3
20150817,中到大雨,25,21,北风,4
20150818,阵雨,27,20,北风,3
20150819,阵雨,29,20,南风,3
20150820,多云,30,20,南风,3
20150821,多云,32,21,南风,3
20150822,多云,31,21,南风,3
20150823,多云,31,22,南风,3
20150824,阵雨,30,21,南风,3
20150825,阵雨,28,20,北风,3
20150826,阴,28,19,北风,3
20150827,中雨,24,19,北风,3
20150828,小雨,27,22,南风,3
20150829,多云,31,22,南风,3
20150830,多云,30,21,南风,3
20150831,阵雨,29,21,南风,3
20150901,多云,29,21,南风,3
20150902,大雨,27,21,北风,3
20150903,中雨,27,20,北风,3
20150904,小雨,28,21,南风,3
20150905,中雨,28,20,南风,3
20150906,多云,31,21,南风,3
20150907,多云,29,23,南风,3
20150908,小雨,25,21,南风,3
20150909,中雨,23,20,北风,3
20150910,小雨,26,20,南风,3
20150911,小雨,25,19,南风,3
20150912,小雨,25,17,南风,3
20150913,多云,25,17,南风,3
20150914,多云,27,19,南风,3
20150915,阴,26,19,南风,3
20150916,小雨,22,18,北风,3
20150917,中雨,22,17,北风,3
20150918,阴,24,18,北风,3
20150919,阴,25,17,南风,3
20150920,多云,25,19,南风,3
20150921,阵雨,24,17,南风,3
20150922,阴,24,16,北风,3
20150923,多云,26,19,南风,3
20150924,小雨,24,18,南风,3
20150925,多云,26,18,南风,3
20150926,阴,25,18,南风,3
20150927,小雨,23,18,南风,3
20150928,阴,24,18,北风,3
20150929,阴,25,20,北风,3
20150930,小雨,24,16,北风,3
20151001,阵雨,23,14,北风,3
20151002,多云,24,17,北风,3
20151003,阴,22,17,北风,3
20151004,阴,22,16,南风,3
20151005,多云,23,15,南风,3
20151006,阴,23,14,南风,3
20151007,多云,25,18,南风,3
20151008,小雨,23,15,南风,3
20151009,小雨,22,14,北风,3
20151010,阴,24,13,北风,3
20151011,多云,26,15,南风,3
20151012,多云,26,16,南风,3
20151013,多云,25,15,南风,3
20151014,多云,27,16,南风,3
20151015,阴,27,19,南风,3
20151016,阴,26,18,南风,3
20151017,小雨,22,17,北风,3
20151018,阴,25,13,南风,3
20151019,多云,26,17,南风,3
20151020,多云,26,18,南风,3
20151021,多云,25,18,南风,3
20151022,小雨,23,17,北风,3
20151023,小雨,21,16,北风,3
20151024,小雨,22,15,北风,3
20151025,多云,25,16,南风,3
20151026,小雨,19,14,北风,3
20151027,阴,20,11,北风,3
20151028,阴,20,12,南风,3
20151029,多云,21,13,南风,3
20151030,小雨,19,13,北风,3
20151031,小雨,16,11,北风,3
20151101,晴,19,12,南风,3
20151102,多云,19,13,南风,3
20151103,小雨,17,13,北风,3
20151104,阴,17,14,北风,3
20151105,多云,19,13,北风,3
20151106,多云,21,14,南风,3
20151107,阴,19,13,北风,3
20151108,多云,21,11,南风,3
20151109,阴,20,12,北风,3
20151110,阴,19,13,南风,3
20151111,小雨,15,12,南风,3
20151112,小雨,15,12,北风,3
20151113,小雨,17,11,北风,3
20151114,小雨,17,12,北风,3
20151115,多云,19,10,北风,3
20151116,小雨,19,12,北风,3
20151117,阴,18,12,北风,3
20151118,阴,18,12,北风,3
20151119,多云,19,13,南风,3
20151120,多云,20,12,南风,3
20151121,阴,20,14,无持续风,3
20151122,阴,19,15,无持续风,3
20151123,小雨,18,14,北风,3
20151124,小雨,16,9,北风,3
20151125,阴,16,8,无持续风,3
20151126,小雨,16,8,无持续风,3
20151127,小雨,11,9,南风,3
20151128,阴,14,6,南风,3
20151129,晴,16,8,南风,3
20151130,多云,15,9,南风,3
20151201,多云,16,9,南风,3
20151202,晴,17,9,南风,3
20151203,小雨,14,9,南风,3
20151204,小雨,12,7,北风,3
20151205,多云,13,6,北风,3
20151206,多云,14,8,南风,3
20151207,阴,14,9,南风,3
20151208,小雨,12,8,南风,3
20151209,阴,14,9,南风,3
20151210,小雨,14,9,南风,3
20151211,小雨,13,9,北风,3
20151212,小雨,11,7,北风,3
20151213,小雨,11,5,无持续风,3
20151214,阴,8,3,无持续风,3
20151215,阴,9,2,北风,3
20151216,晴,11,0,南风,3
20151217,多云,9,2,北风,3
20151218,小雨,8,0,南风,3
20151219,小雨,8,3,北风,3
20151220,阴,8,4,南风,3
20151221,多云,9,3,南风,3
20151222,晴,10,2,南风,3
20151223,多云,10,4,东北风,3
20151224,多云,12,2,东北风,3
20151225,晴,14,1,南风,3
20151226,晴,14,1,南风,3
20151227,晴,13,2,南风,3
20151228,阴,12,3,南风,3
20151229,阴,12,3,南风,3
20151230,多云,12,5,南风,3
20151231,小雨,12,4,南风,3
20160101,晴,13,3,南风,3
20160102,晴,13,5,南风,3
20160103,阴,13,4,南风,3
20160104,晴,16,4,南风,3
20160105,晴,13,7,南风,3
20160106,阴,11,6,南风,3
20160107,阴,12,3,北风,3
20160108,阴,8,3,北风,3
20160109,小雨,9,4,北风,3
20160110,小雨,11,4,北风,3
20160111,阴,10,6,北风,3
20160112,小雨,10,5,北风,3
20160113,小雨,8,4,北风,3
20160114,阴,10,0,南风,3
20160115,多云,11,5,南风,3
20160116,阴,11,0,南风,3
20160117,晴,13,6,南风,3
20160118,阴,10,6,南风,3
20160119,小雨,10,6,北风,3
20160120,小雨,8,2,北风,3
20160121,小雨,8,1,北风,3
20160122,阴,6,-2,北风,3
20160123,雨夹雪,4,-2,北风,3
20160124,多云,4,-2,北风,3
20160125,多云,4,-1,北风,3
20160126,多云,7,1,南风,3
20160127,多云,8,1,南风,3
20160128,阴,8,1,南风,3
20160129,多云,9,2,南风,3
20160130,阴,9,4,南风,3
20160131,阴,8,2,北风,3
20160201,阴,7,2,南风,3
20160202,阴,8,0,南风,3
20160203,小雨,8,3,北风,3
20160204,晴,12,4,北风,3
20160205,多云,12,4,南风,3
20160206,多云,12,1,南风,3
20160207,晴,14,3,南风,3
20160208,晴,14,4,南风,3
20160209,多云,15,6,南风,3
20160210,晴,16,6,南风,3
20160211,晴,17,8,南风,3
20160212,多云,18,6,南风,3
20160213,多云,11,3,无持续风,3
20160214,多云,8,-2,北风,3
20160215,多云,9,0,北风,3
20160216,晴,11,2,南风,3
20160217,多云,12,0,南风,3
20160218,晴,14,4,南风,3
20160219,多云,14,3,南风,3
20160220,多云,12,6,南风,3
20160221,小雨,11,5,北风,3
20160222,阴,13,5,北风,3
20160223,小雨,10,5,北风,3
20160224,多云,12,6,北风,3
20160225,多云,14,4,南风,3
20160226,晴,17,4,南风,3
20160227,晴,18,7,南风,3
20160228,晴,19,8,南风,3
20160229,晴,21,5,南风,3
20160301,晴,20,10,南风,3
20160302,阴,20,6,南风,3
20160303,晴,23,10,南风,3
20160304,多云,23,8,南风,3
20160305,晴,22,10,南风,3
20160306,多云,23,14,南风,3
20160307,阴,22,15,北风,3
20160308,小雨,18,8,北风,3
20160309,小雨,14,5,北风,3
20160310,小雨,12,5,北风,3
20160311,阴,14,6,北风,3
20160312,阴,15,8,南风,3
20160313,多云,17,4,南风,3
20160314,阴,17,10,北风,3
20160315,阴,16,10,北风,3
20160316,小雨,18,11,北风,3
20160317,小雨,18,9,北风,3
20160318,晴,23,11,北风,3
20160319,多云,22,13,南风,3
20160320,阴,22,14,南风,3
20160321,小雨,17,12,北风,3
20160322,小雨,14,11,北风,3
20160323,小雨,15,9,北风,3
20160324,小雨,17,10,北风,3
20160325,阴,19,9,南风,3
20160326,阴,17,8,南风,3
20160327,阴,19,12,南风,3
20160328,小雨,20,12,南风,3
20160329,小雨,16,10,北风,3
20160330,晴,21,11,南风,3
20160331,多云,23,12,南风,3
20160401,多云,24,13,南风,3
20160402,阴,25,14,南风,3
20160403,晴,28,14,南风,3
20160404,阴,26,16,南风,3
20160405,小雨,23,16,北风,3
20160406,阴,22,12,北风,3
20160407,阴,25,16,南风,3
20160408,小雨,22,16,东北风,3
20160409,小雨,22,13,北风,3
20160410,阴,25,14,南风,3
20160411,阴,26,14,南风,3
20160412,小雨,26,16,北风,3
20160413,小雨,24,16,北风,3
20160414,阴,20,15,南风,3
20160415,中雨,23,14,无持续风,3
20160416,多云,24,14,北风,3
20160417,小雨,20,10,北风,3
20160418,晴,24,11,南风,3
20160419,多云,25,16,南风,3
20160420,多云,27,14,北风,3
20160421,小雨,21,14,北风,3
20160422,阴,22,14,北风,3
20160423,阴,24,14,南风,3
20160424,小雨,22,14,南风,3
20160425,小雨,23,15,北风,3
20160426,多云,26,14,南风,3
20160427,多云,27,15,南风,3
20160428,多云,26,15,南风,3
20160429,小雨,25,16,北风,3
20160430,多云,27,16,南风,3
20160501,多云,29,17,南风,3
20160502,多云,29,18,南风,3
20160503,多云,31,18,南风,3
20160504,多云,30,19,无持续风,3
20160505,多云,33,19,南风,3
20160506,中雨,27,19,北风,4
20160507,小雨,24,16,北风,3
20160508,多云,23,16,北风,3
20160509,多云,28,16,南风,3
20160510,晴,30,18,南风,3
20160511,晴,31,19,南风,3
20160512,中雨,26,16,北风,5
20160513,小雨,24,18,北风,4
20160514,中雨,21,15,北风,3
20160515,多云,25,13,南风,3
20160516,多云,26,14,南风,3
20160517,多云,28,17,南风,3
20160518,阴,28,17,南风,3
20160519,阴,26,18,北风,3
20160520,多云,28,18,南风,3
20160521,小雨,25,18,南风,3
20160522,大雨,21,17,北风,3
20160523,阴,25,16,北风,3
20160524,多云,26,20,南风,3
20160525,大雨,22,15,北风,4
20160526,小雨,23,15,北风,3
20160527,阴,22,16,北风,3
20160528,多云,26,18,北风,3
20160529,多云,29,18,南风,3
20160530,多云,28,20,南风,3
20160531,阴,30,22,南风,3
20160601,小雨,31,21,南风,3
20160602,小雨,28,20,北风,3
20160603,多云,32,20,南风,3
20160604,小雨,32,19,北风,3
20160605,晴,34,21,南风,3
20160606,阴,33,20,南风,3
20160607,晴,32,21,南风,3
20160608,阴,32,20,南风,3
20160609,小雨,27,20,北风,3
20160610,阴,28,19,北风,3
20160611,多云,31,21,南风,3
20160612,多云,32,20,南风,3
20160613,阴,33,22,南风,3
20160614,小雨,31,22,北风,3
20160615,阴,28,17,北风,3
20160616,晴,32,20,南风,3
20160617,晴,34,23,南风,3
20160618,多云,34,23,南风,3
20160619,小雨,36,23,北风,3
20160620,多云,36,23,南风,3
20160621,多云,35,24,南风,3
20160622,小雨,34,24,南风,3
20160623,大雨,30,23,北风,3
20160624,小雨,30,22,北风,3
20160625,阴,28,19,南风,3
20160626,阵雨,26,20,北风,3
20160627,阴,28,20,北风,3
20160628,多云,33,20,南风,3
20160629,晴,33,23,南风,3
20160630,小雨,28,21,北风,3
20160701,多云,34,23,南风,3
20160702,多云,33,22,南风,3
20160703,小雨,31,22,北风,3
20160704,多云,31,23,南风,3
20160705,暴雨,28,22,北风,4
20160706,中雨,26,22,北风,3
20160707,小雨,28,23,北风,3
20160708,中雨,30,24,北风,3
20160709,中雨,28,24,北风,3
20160710,小雨,32,24,北风,3
20160711,多云,32,24,南风,3
20160712,中雨,33,24,南风,3
20160713,中雨,30,24,北风,3
20160714,小雨,30,20,北风,3
20160715,晴,33,20,南风,3
20160716,晴,33,23,南风,3
20160717,多云,34,23,南风,3
20160718,中雨,28,23,北风,3
20160719,多云,34,23,南风,3
20160720,多云,35,23,南风,3
20160721,多云,33,25,南风,3
20160722,中雨,29,23,北风,3
20160723,中雨,29,24,北风,3
20160724,小雨,31,24,南风,3
20160725,阵雨,30,24,南风,3
20160726,小雨,31,23,南风,3
20160727,多云,32,22,南风,3
20160728,多云,33,22,南风,3
20160729,小雨,31,23,北风,3
20160730,小雨,31,23,北风,3
20160731,中雨,32,23,南风,3
20160801,中雨,31,23,南风,3
20160802,多云,32,23,南风,3
20160803,阵雨,32,23,南风,3
20160804,中雨,30,23,南风,3
20160805,小雨,30,22,南风,3
20160806,小雨,32,23,北风,3
20160807,小雨,32,22,南风,3
20160808,小雨,30,23,无持续风,3
20160809,阵雨,31,21,北风,3
20160810,小雨,32,22,南风,3
20160811,多云,32,23,南风,3
20160812,小雨,34,24,南风,3
20160813,阵雨,33,24,南风,3
20160814,多云,34,25,无持续风,3
20160815,阵雨,34,24,南风,3
20160816,多云,34,23,南风,3
20160817,多云,34,25,无持续风,3
20160818,多云,34,24,南风,3
20160819,晴,35,26,南风,3
20160820,阴,36,25,南风,3
20160821,多云,35,26,南风,3
20160822,多云,36,26,南风,3
20160823,阵雨,35,26,南风,3
20160824,阵雨,36,26,南风,3
20160825,多云,37,24,南风,3
20160826,阴,31,22,北风,3
20160827,多云,30,22,北风,3
20160828,小雨,29,22,南风,3
20160829,小雨,25,20,北风,3
20160830,小雨,26,19,北风,3
20160831,小雨,26,20,无持续风,3
20160901,多云,30,20,南风,3
20160902,阴,30,20,南风,3
20160903,小雨,25,20,北风,3
20160904,大雨,24,20,北风,3
20160905,小雨,23,19,北风,3
20160906,阴,28,19,无持续风,3
20160907,阴,25,18,无持续风,3
20160908,小雨,25,19,南风,3
20160909,多云,29,19,无持续风,3
20160910,多云,30,19,无持续风,3
20160911,多云,31,20,南风,3
20160912,小雨,28,20,南风,3
20160913,小雨,27,19,北风,3
20160914,中雨,22,19,北风,3
20160915,多云,28,18,北风,3
20160916,多云,27,19,南风,3
20160917,小雨,26,20,无持续风,3
20160918,大雨,22,19,北风,3
20160919,小雨,24,18,北风,3
20160920,小雨,24,16,北风,3
20160921,多云,26,19,北风,3
20160922,小雨,26,20,南风,3
20160923,小雨,22,18,北风,3
20160924,小雨,24,18,无持续风,3
20160925,阴,26,18,北风,3
20160926,阴,26,19,南风,3
20160927,多云,26,20,北风,3
20160928,多云,27,19,南风,3
20160929,阴,26,19,南风,3
20160930,多云,27,20,南风,3
20161001,多云,30,19,北风,3
20161002,晴,30,20,无持续风,3
20161003,多云,30,20,南风,3
20161004,多云,27,18,北风,3
20161005,多云,24,19,北风,3
20161006,小雨,24,18,北风,3
20161007,小雨,22,17,北风,3
20161008,小雨,22,15,北风,3
20161009,小雨,20,15,无持续风,3
20161010,小雨,18,14,北风,3
20161011,小雨,19,14,北风,3
20161012,小雨,19,14,北风,3
20161013,阴,20,13,南风,3
20161014,阴,20,15,南风,3
20161015,阴,21,15,北风,3
20161016,多云,22,16,南风,3
20161017,多云,23,16,无持续风,3
20161018,多云,24,16,南风,3
20161019,阴,22,16,南风,3
20161020,阴,26,18,南风,3
20161021,小雨,24,17,南风,3
20161022,小雨,23,17,南风,3
20161023,小雨,22,16,北风,3
20161024,阴,24,16,无持续风,3
20161025,多云,22,16,北风,3
20161026,阴,21,16,北风,3
20161027,阴,22,13,北风,4
20161028,小雨,15,10,北风,3
20161029,多云,16,6,北风,3
20161030,阴,17,10,南风,3
20161031,多云,20,9,南风,3
20161101,阴,17,11,南风,3
20161102,多云,19,11,南风,3
20161103,多云,20,9,南风,3
20161104,多云,20,13,南风,3
20161105,多云,22,13,南风,3
20161106,小雨,21,12,南风,3
20161107,小雨,14,9,北风,3
20161108,小雨,13,8,北风,3
20161109,小雨,14,9,南风,3
20161110,晴,16,8,南风,3
20161111,阴,17,9,南风,3
20161112,多云,18,8,南风,3
20161113,多云,18,10,无持续风,3
20161114,多云,20,12,北风,3
20161115,多云,20,12,南风,3
20161116,多云,19,12,南风,3
20161117,多云,20,13,南风,3
20161118,晴,21,14,南风,3
20161119,阴,19,12,南风,3
20161120,晴,20,11,南风,3
20161121,阴,19,12,无持续风,3
20161122,阴,12,6,东北风,4
20161123,阴,9,5,北风,3
20161124,阴,10,5,北风,3
20161125,阴,10,4,北风,3
20161126,晴,14,4,南风,3
20161127,阴,13,6,南风,3
20161128,阴,12,6,北风,3
20161129,阴,13,6,北风,3
20161130,多云,15,7,无持续风,3
20161201,阴,14,8,南风,3
20161202,阴,12,8,北风,3
20161203,多云,13,4,南风,3
20161204,晴,17,6,南风,3
20161205,晴,15,4,南风,3
20161206,晴,16,2,南风,3
20161207,晴,16,3,南风,3
20161208,晴,15,6,南风,3
20161209,阴,14,8,南风,3
20161210,多云,15,3,南风,3
20161211,多云,13,8,南风,3
20161212,多云,16,7,南风,3
20161213,多云,13,7,无持续风,3
20161214,阴,12,8,北风,3
20161215,小雨,12,4,北风,3
20161216,阴,13,7,南风,3
20161217,多云,12,6,南风,3
20161218,多云,13,8,南风,3
20161219,阴,13,8,南风,3
20161220,阴,13,7,无持续风,3
20161221,晴,14,3,北风,3
20161222,晴,15,6,北风,3
20161223,阴,12,7,北风,3
20161224,阴,11,7,北风,3
20161225,小雨,11,4,北风,3
20161226,多云,12,4,北风,3
20161227,晴,12,3,北风,3
20161228,晴,12,6,南风,3
20161229,多云,12,7,南风,3
20161230,多云,12,5,无持续风,3
20161231,阴,12,7,北风,3
20170101,多云,14,8,北风,3
20170102,晴,14,2,北风,3
20170103,阴,12,6,南风,3
20170104,阴,12,7,南风,3
20170105,晴,14,5,南风,3
20170106,阴,12,6,南风,3
20170107,多云,12,6,无持续风,3
20170108,阴,12,8,北风,3
20170109,阵雨,10,7,北风,3
20170110,小雨,8,4,北风,3
20170111,阴,8,2,北风,3
20170112,多云,11,0,南风,3
20170113,晴,13,1,南风,3
20170114,多云,10,4,南风,3
20170115,多云,11,4,无持续风,3
20170116,小雨,8,5,北风,3
20170117,阴,9,4,北风,3
20170118,小雨,10,5,北风,3
20170119,阴,10,4,北风,3
20170120,阴,10,3,北风,3
20170121,多云,13,2,南风,3
20170122,阴,12,4,南风,3
20170123,多云,13,1,无持续风,3
20170124,多云,12,2,南风,3
20170125,晴,14,4,南风,3
20170126,多云,12,5,南风,3
20170127,晴,14,5,南风,3
20170128,阴,13,5,北风,3
20170129,多云,14,5,南风,3
20170130,阴,12,6,南风,3
20170131,阴,12,6,北风,3
20170201,阴,9,6,北风,3
20170202,小雨,10,5,北风,3
20170203,多云,12,3,南风,3
20170204,晴,12,5,南风,3
20170205,多云,13,6,无持续风,3
20170206,阴,10,7,北风,3
20170207,小雨,10,5,北风,3
20170208,多云,12,3,南风,3
20170209,多云,10,5,北风,3
20170210,小雨,10,5,南风,3
20170211,阴,11,4,南风,3
20170212,晴,13,6,无持续风,3
20170213,阴,12,6,北风,3
20170214,阴,15,5,北风,3
20170215,晴,15,6,南风,3
20170216,多云,14,8,南风,3
20170217,多云,18,5,南风,3
20170218,阴,17,6,南风,3
20170219,晴,19,10,无持续风,3
20170220,阴,17,9,南风,3
20170221,小雨,12,7,北风,3
20170222,阴,12,5,北风,3
20170223,阴,10,4,北风,3
20170224,多云,12,6,北风,3
20170225,多云,13,4,南风,3
20170226,阴,13,7,南风,3
20170227,多云,13,4,南风,3
20170228,多云,16,4,南风,3
20170301,多云,16,7,南风,3
20170302,阴,14,8,无持续风,3
20170303,多云,14,8,南风,3
20170304,阴,16,9,南风,3
20170305,小雨,13,8,北风,3
20170306,阴,14,7,北风,3
20170307,阴,14,6,北风,3
20170308,多云,16,8,南风,3
20170309,小雨,14,8,无持续风,3
20170310,阴,14,8,北风,3
20170311,阴,17,9,南风,3
20170312,阴,13,8,北风,3
20170313,小雨,13,6,无持续风,3
20170314,阴,12,8,北风,3
20170315,阴,12,6,北风,3
20170316,多云,15,6,南风,3
20170317,多云,15,7,北风,3
20170318,阴,16,8,南风,3
20170319,小雨,15,7,无持续风,3
20170320,晴,20,10,南风,3
20170321,小雨,15,10,北风,3
20170322,小雨,16,11,南风,3
20170323,小雨,16,12,北风,3
20170324,阴,16,8,北风,3
20170325,阴,16,7,北风,3
20170326,多云,19,6,无持续风,3
20170327,多云,22,8,南风,3
20170328,多云,21,11,南风,3
20170329,小雨,22,12,南风,3
20170330,多云,22,13,北风,3
20170331,晴,23,12,无持续风,3
20170401,阴,22,14,南风,3
20170402,小雨,18,12,北风,3
20170403,阴,18,12,北风,3
20170404,多云,24,12,南风,3
20170405,多云,21,14,南风,3
20170406,晴,23,14,无持续风,3
20170407,阴,23,16,南风,3
20170408,多云,24,15,南风,3
20170409,小雨,24,15,北风,3
20170410,阴,19,14,北风,3
20170411,小雨,19,13,北风,3
20170412,多云,23,10,南风,3
20170413,晴,27,12,无持续风,3
20170414,晴,27,13,无持续风,3
20170415,阴,26,16,南风,3
20170416,小雨,20,11,北风,3
20170417,多云,26,12,南风,3
20170418,多云,28,12,无持续风,3
20170419,多云,29,16,南风,3
20170420,阴,21,12,北风,3
20170421,阴,23,12,南风,3
20170422,多云,26,13,南风,3
20170423,多云,27,16,南风,3
20170424,小雨,22,15,北风,3
20170425,小雨,24,15,无持续风,3
20170426,小雨,20,13,北风,3
20170427,阴,19,12,北风,3
20170428,多云,24,13,南风,3
20170429,晴,27,15,南风,3
20170430,多云,28,15,无持续风,3
20170501,晴,30,18,南风,3
20170502,小雨,26,17,南风,3
20170503,阵雨,23,15,北风,4
20170504,晴,28,15,南风,3
20170505,小雨,20,14,北风,3
20170506,晴,23,14,无持续风,3
20170507,多云,23,14,无持续风,3
20170508,多云,27,16,南风,3
20170509,多云,26,17,南风,3
20170510,多云,27,19,南风,3
20170511,小雨,27,18,北风,3
20170512,晴,30,16,北风,3
20170513,阴,29,20,南风,3
20170514,小雨,28,19,南风,3
20170515,阴,27,16,南风,3
20170516,晴,31,16,南风,3
20170517,多云,30,18,南风,3
20170518,小雨,27,16,无持续风,3
20170519,晴,31,20,南风,3
20170520,小雨,26,20,北风,3
20170521,小雨,26,20,北风,3
20170522,小雨,26,18,北风,3
20170523,多云,26,18,北风,3
20170524,多云,28,16,无持续风,3
20170525,阴,29,17,无持续风,3
20170526,晴,31,18,南风,3
20170527,多云,33,22,南风,3
20170528,阴,29,20,北风,3
20170529,阴,30,20,南风,3
20170530,阴,32,21,南风,3
20170531,阵雨,30,21,南风,3
20170601,小雨,32,20,无持续风,3
20170602,小雨,33,23,无持续风,3
20170603,阴,29,20,无持续风,3
20170604,小雨,28,18,无持续风,3
20170605,小雨,30,19,无持续风,3
20170606,多云,31,20,无持续风,3
20170607,多云,33,21,无持续风,3
20170608,阴,28,20,无持续风,3
20170609,阴,29,21,无持续风,3
20170610,小雨,29,20,无持续风,3
20170611,多云,32,21,无持续风,3
20170612,多云,32,21,无持续风,3
20170613,小雨,26,20,无持续风,3
20170614,中雨,20,17,无持续风,3
20170615,小雨,23,18,无持续风,3
20170616,多云,28,19,无持续风,3
20170617,阴,28,20,无持续风,3
20170618,多云,21,0,无持续风,3
20170619,阴,26,21,无持续风,3
20170620,多云,29,22,无持续风,3
20170621,多云,31,22,无持续风,3
20170622,小雨,28,22,无持续风,3
20170623,阴,32,23,无持续风,3
20170624,小雨,30,22,无持续风,3
20170625,多云,30,19,无持续风,3
20170626,多云,30,20,无持续风,3
20170627,多云,30,20,无持续风,3
20170628,阴,29,21,无持续风,3
20170629,阴,28,21,无持续风,3
20170630,阴,29,22,无持续风,3
20170701,多云,33,23,无持续风,3
20170702,小雨,36,23,无持续风,3
20170703,小雨,32,23,无持续风,3
20170704,小雨,32,23,无持续风,3
20170705,大雨,26,22,无持续风,3
20170706,小雨,30,23,无持续风,3
20170707,多云,33,24,无持续风,3
20170708,阴,33,23,无持续风,3
20170709,晴,32,22,无持续风,3
20170710,晴,34,23,微风,3
20170711,晴,36,25,无持续风,3
20170712,阵雨,34,23,无持续风,3
20170713,多云,33,23,无持续风,3
20170714,阴,31,23,无持续风,3
20170715,阴,32,23,无持续风,3
20170716,中雨,32,22,无持续风,3
20170717,小雨,31,23,无持续风,3
20170718,小雨,31,23,无持续风,3
20170719,小雨,31,24,无持续风,3
20170720,小雨,31,24,无持续风,3
20170721,小雨,31,23,无持续风,3
20170722,小雨,31,23,无持续风,3
20170723,小雨,32,24,无持续风,3
20170724,阵雨,32,24,无持续风,3
20170725,小雨,32,24,无持续风,3
20170726,阴,32,24,无持续风,3
20170727,阴,33,24,无持续风,3
20170728,阵雨,33,24,无持续风,3
20170729,晴,31,22,无持续风,3
20170730,晴,33,25,无持续风,3
20170731,小雨,32,24,无持续风,3
20170801,小雨,31,25,无持续风,3
20170802,小雨,35,25,无持续风,3
20170803,小雨,34,26,无持续风,3
20170804,阵雨,34,25,无持续风,3
20170805,晴,34,25,无持续风,3
20170806,小雨,34,25,无持续风,3
20170807,中雨,28,21,无持续风,3
20170808,晴,32,22,无持续风,3
20170809,多云,35,25,无持续风,3
20170810,阴,33,23,无持续风,3
20170811,阴,29,21,无持续风,3
20170812,多云,31,23,微风,3
20170813,多云,34,23,无持续风,3
20170814,小雨,32,24,无持续风,3
20170815,中雨,30,23,无持续风,3
20170816,小雨,31,24,无持续风,3
20170817,小雨,28,24,无持续风,3
20170818,小雨,29,24,无持续风,3
20170819,阴,31,24,无持续风,3
20170820,中雨,30,25,无持续风,3
20170821,小雨,31,24,无持续风,3
20170822,阴,32,24,无持续风,3
20170823,多云,33,24,无持续风,3
20170824,小雨,29,23,无持续风,3
20170825,中雨,27,23,无持续风,3
20170826,中雨,28,23,无持续风,3
20170827,小雨,31,23,无持续风,3
20170828,阴,31,22,无持续风,3
20170829,小雨,27,21,无持续风,3
20170830,阴,26,20,无持续风,3
20170831,阴,26,20,无持续风,3
20170901,中雨,26,19,无持续风,3
20170902,阴,27,20,无持续风,3
20170903,小雨,24,19,无持续风,3
20170904,阴,23,20,无持续风,3
20170905,小雨,25,19,无持续风,3
20170906,多云,30,18,无持续风,3
20170907,多云,30,20,无持续风,3
20170908,阴,28,21,无持续风,3
20170909,小雨,27,21,无持续风,3
20170910,多云,30,16,无持续风,3
20170911,晴,31,17,无持续风,3
20170912,多云,29,21,无持续风,3
20170913,阴,26,21,无持续风,3
20170914,小雨,24,20,无持续风,3
20170915,小雨,23,20,无持续风,3
20170916,小雨,27,22,无持续风,3
20170917,阴,25,21,无持续风,3
20170918,小雨,29,21,无持续风,3
20170919,阴,26,18,无持续风,3
20170920,阴,25,17,无持续风,3
20170921,阴,28,19,无持续风,3
20170922,小雨,23,19,无持续风,3
20170923,阴,24,20,无持续风,3
20170924,阴,25,20,无持续风,3
20170925,晴,26,21,无持续风,3
20170926,阴,25,20,无持续风,3
20170927,阴,24,18,无持续风,3
20170928,多云,27,18,无持续风,3
20170929,小雨,24,18,无持续风,3
20170930,小雨,24,18,无持续风,3
20171001,阴,28,20,无持续风,3
20171002,小雨,26,18,无持续风,3
20171003,阴,20,15,无持续风,3
20171004,小雨,22,14,无持续风,3
20171005,小雨,22,16,无持续风,3
20171006,阴,22,16,无持续风,3
20171007,阴,22,17,无持续风,3
20171008,阴,22,18,无持续风,3
20171009,阴,21,14,无持续风,3
20171010,小雨,19,14,无持续风,3
20171011,小雨,22,15,无持续风,3
20171012,小雨,21,12,无持续风,3
20171013,小雨,19,15,无持续风,3
20171014,小雨,16,15,无持续风,3
20171015,阴,15,12,无持续风,3
20171016,小雨,20,14,无持续风,3
20171017,小雨,20,15,无持续风,3
20171018,阴,18,13,无持续风,3
20171019,阴,21,15,无持续风,3
20171020,阴,19,15,无持续风,3
20171021,小雨,20,15,无持续风,3
20171022,中雨,17,12,无持续风,3
20171023,小雨,19,14,无持续风,3
20171024,小雨,17,14,无持续风,3
20171025,小雨,19,14,无持续风,3
20171026,多云,22,9,无持续风,3
20171027,多云,22,15,无持续风,3
20171028,小雨,18,15,无持续风,3
20171029,小雨,16,13,无持续风,3
20171030,小雨,14,12,无持续风,3
20171031,小雨,14,13,无持续风,3
20171101,多云,21,14,无持续风,3
20171102,多云,21,14,无持续风,3
20171103,阴,22,16,无持续风,3
20171104,多云,22,16,无持续风,3
20171105,小雨,21,12,无持续风,3
20171106,阴,21,14,无持续风,3
20171107,多云,23,15,无持续风,3
20171108,多云,22,16,无持续风,3
20171109,阴,20,14,无持续风,3
20171110,多云,19,12,无持续风,3
20171111,晴,19,7,无持续风,3
20171112,阴,18,10,无持续风,3
20171113,小雨,19,12,无持续风,3
20171114,阴,18,14,无持续风,3
20171115,小雨,16,13,无持续风,3
20171116,阴,16,14,微风,3
20171117,小雨,18,10,微风,3
20171118,阴,14,9,无持续风,3
20171119,小雨,9,8,无持续风,3
20171120,晴,13,9,无持续风,3
20171121,阴,12,7,无持续风,3
20171122,多云,12,5,无持续风,3
20171123,多云,12,1,微风,3
20171124,多云,13,4,无持续风,3
20171125,多云,13,5,微风,3
20171126,多云,16,8,微风,3
20171127,阴,14,8,微风,3
20171128,小雨,13,8,无持续风,3
20171129,多云,16,7,微风,3
20171130,多云,14,6,微风,3
20171201,阴,13,9,无持续风,3
20171202,阴,13,9,无持续风,3
20171203,多云,13,8,无持续风,3
20171204,多云,14,8,无持续风,3
20171205,阴,12,8,无持续风,3
20171206,小雨,11,8,无持续风,3
20171207,小雨,12,7,无持续风,3
20171208,多云,12,1,无持续风,3
20171209,晴,13,2,无持续风,3
20171210,晴,13,-5,无持续风,3
20171211,多云,12,7,无持续风,3
20171212,小雨,9,6,无持续风,3
20171213,多云,12,1,无持续风,3
20171214,小雨,8,6,无持续风,3